name,type,description,link,contact_email,status,discovered_date,drafted_date,notes
The Bible Study Podcast,podcast,Hosted by The Bible Study Podcast — Christianity,https://podcasts.apple.com/us/podcast/the-bible-study-podcast/id203856704?uo=4,,ready,2026-09-25,,
Men's Bible Study Podcast,podcast,Hosted by Parkside Church — Christianity,https://podcasts.apple.com/us/podcast/mens-bible-study-podcast/id1437165193?uo=4,,ready,2026-09-25,,Could not verify — search returned an unrelated/different show. Recommend Collin verify this listing is even still active before pursuing.
The Apostolic Bible Study Podcast,podcast,Hosted by Apostolic Bible Study Podcast — Christianity,https://podcasts.apple.com/us/podcast/the-apostolic-bible-study-podcast/id1695016098?uo=4,,ready,2026-09-25,,
The Bible Study Podcast,podcast,Hosted by The Bible Study Podcast — Christianity,https://podcasts.apple.com/us/podcast/the-bible-study-podcast/id1584582942?uo=4,,ready,2026-09-25,,
The Jeff Cavins Show (Your Catholic Bible Study Podcast),podcast,Hosted by Ascension — Christianity,https://podcasts.apple.com/us/podcast/the-jeff-cavins-show-your-catholic-bible-study-podcast/id1201282412?uo=4,,ready,2026-09-25,,
Daily Bible Study Podcast,podcast,Hosted by Daily Bible Study — Christianity,https://podcasts.apple.com/us/podcast/daily-bible-study-podcast/id1482413528?uo=4,,ready,2026-09-25,,
Arthur's Bible Study Podcast | Weekly Christian Bible Study & Devotional,podcast,Hosted by Arthur Suggs — Christianity,https://podcasts.apple.com/us/podcast/arthurs-bible-study-podcast-weekly-christian-bible/id1550450874?uo=4,,ready,2026-09-25,,
Bible Study Podcasts,podcast,Hosted by Pastor Toby Logsdon — Christianity,https://podcasts.apple.com/us/podcast/bible-study-podcasts/id1668722360?uo=4,,ready,2026-09-25,,
This Is Not a Weapon: A Bible Study Podcast,podcast,Hosted by Bramble Jam Podcast Network — Christianity,https://podcasts.apple.com/us/podcast/this-is-not-a-weapon-a-bible-study-podcast/id1896901916?uo=4,,ready,2026-09-25,,
Bible Study Podcast,podcast,"Hosted by Darren Rouanzoin, Angela Halili — Christianity",https://podcasts.apple.com/us/podcast/bible-study-podcast/id1868817334?uo=4,,ready,2026-09-25,,
Not Your Momma's Bible Study Podcast,podcast,Hosted by Chrystan Ferrell — Christianity,https://podcasts.apple.com/us/podcast/not-your-mommas-bible-study-podcast/id1627769717?uo=4,,ready,2026-09-25,,
Verse by Verse Bible Study Podcast with Randy Duncan,podcast,Hosted by Randy Duncan — Christianity,https://podcasts.apple.com/us/podcast/verse-by-verse-bible-study-podcast-with-randy-duncan/id1539276205?uo=4,,ready,2026-09-25,,
Two sisters & a cup of tea (Bible Study Podcast),podcast,Hosted by Felicity Carswell & Sarah Dargue — Christianity,https://podcasts.apple.com/us/podcast/two-sisters-a-cup-of-tea-bible-study-podcast/id1544972815?uo=4,,ready,2026-09-25,,
True Believers Bible Study Podcast,podcast,Hosted by True Believers Bible Study — Christianity,https://podcasts.apple.com/us/podcast/true-believers-bible-study-podcast/id1808070464?uo=4,,ready,2026-09-25,,
The Bible Study Podcasts,podcast,Hosted by Danny Pate — Christianity,https://podcasts.apple.com/us/podcast/the-bible-study-podcasts/id1572021916?uo=4,,ready,2026-09-25,,
Word of God Christian Center Men's Devotional,podcast,Hosted by WGCC Men — Christianity,https://podcasts.apple.com/us/podcast/word-of-god-christian-center-mens-devotional/id1879380863?uo=4,,ready,2026-09-25,,
Men's Morning Devotional,podcast,Hosted by Metro Life Church — Christianity,https://podcasts.apple.com/us/podcast/mens-morning-devotional/id6783494571?uo=4,,ready,2026-09-25,,"No public email — only a contact FORM at mensmorningdevotional.com/contact/. Active, professional (Pastor Steve Alessi + sons, Metro Life Church), daily content through Sept 2026. Strong topical fit — worth using the form manually."
Men's Morning Devotional,podcast,Hosted by Metro Life Church — Christianity,https://podcasts.apple.com/us/podcast/mens-morning-devotional/id6783493890?uo=4,,ready,2026-09-25,,
Kingdom Warrior Devotional hosted by Doug Dickerson,podcast,Hosted by Kingdom Warrior Men's Book — Christianity,https://podcasts.apple.com/us/podcast/kingdom-warrior-devotional-hosted-by-doug-dickerson/id1562705415?uo=4,,ready,2026-09-25,,"No usable contact found — searches returned unrelated 'kingdom warrior' content, not this specific show."
Daily Strength: A 365-Day Devotional for Men,podcast,Hosted by Crossway — Christianity,https://podcasts.apple.com/us/podcast/daily-strength-a-365-day-devotional-for-men/id1660600360?uo=4,lharvey@crossway.org,ready,2026-09-25,,"Crossway press contact (Lauren Harvey) — general publisher contact, not host-specific. Active, daily, 369 episodes."
The Sword & Shield: Devotionals for Men,podcast,Hosted by Robert Noland — Religion & Spirituality,https://podcasts.apple.com/us/podcast/the-sword-shield-devotionals-for-men/id1468421894?uo=4,,ready,2026-09-25,,
"Dad Devotionals: Advice for Christian Fathers, Husbands and Men of Faith",podcast,Hosted by David Domzalski — Christianity,https://podcasts.apple.com/us/podcast/dad-devotionals-advice-for-christian-fathers-husbands/id1504936577?uo=4,,ready,2026-09-25,,No public email found. Last episode Jan 2023 — likely inactive. Low priority.
Daily Devotional Ceremony,podcast,Hosted by Man of God Jonathan Efrem — Christianity,https://podcasts.apple.com/us/podcast/daily-devotional-ceremony/id1501233309?uo=4,,ready,2026-09-25,,
CadreMen Press Devotionals,podcast,Hosted by CadreMen Press Devotionals — Christianity,https://podcasts.apple.com/us/podcast/cadremen-press-devotionals/id431778120?uo=4,,ready,2026-09-25,,
Daily Bible Reading Podcast,podcast,Hosted by Phil Fields — Christianity,https://podcasts.apple.com/us/podcast/daily-bible-reading-podcast/id755647888?uo=4,,ready,2026-09-25,,
The Daily Bible Reading Podcast,podcast,Hosted by Cokesbury TV — Christianity,https://podcasts.apple.com/us/podcast/the-daily-bible-reading-podcast/id1637896890?uo=4,,ready,2026-09-25,,
BREAD - Daily Bible Reading,podcast,Hosted by BREAD Chart Podcast — Christianity,https://podcasts.apple.com/us/podcast/bread-daily-bible-reading/id1723405668?uo=4,,ready,2026-09-25,,
Scripture for Life: Daily Bible Reading,podcast,Hosted by RachelG — Christianity,https://podcasts.apple.com/us/podcast/scripture-for-life-daily-bible-reading/id1727988980?uo=4,,ready,2026-09-25,,
Daily GNT Bible Reading Podcast,podcast,Hosted by Phil Fields — Christianity,https://podcasts.apple.com/us/podcast/daily-gnt-bible-reading-podcast/id1434108880?uo=4,,ready,2026-09-25,,
Bible Podcast (ESV) Listen to the Bible Daily Reading,podcast,Hosted by Bible Reading Daily Podcast — Christianity,https://podcasts.apple.com/us/podcast/bible-podcast-esv-listen-to-the-bible-daily-reading/id1511456217?uo=4,,ready,2026-09-25,,
She Read it Herself : for the girl who sucks at reading her Bible : daily Christian women podcast,podcast,Hosted by Natasha Elisa — Christianity,https://podcasts.apple.com/us/podcast/she-read-it-herself-for-the-girl-who-sucks-at-reading/id1729658344?uo=4,,ready,2026-09-25,,
Wisdom Daily Meditation | Clear Bible Reading for Wisdom & Discernment,podcast,Hosted by Scripture readings with Tiffany M Ruffner — Religion & Spirituality,https://podcasts.apple.com/us/podcast/wisdom-daily-meditation-clear-bible-reading-for-wisdom/id1729017606?uo=4,,ready,2026-09-25,,
The Bible Breakdown: Daily Bible Reading,podcast,Hosted by Brandon Cannon — Christianity,https://podcasts.apple.com/us/podcast/the-bible-breakdown-daily-bible-reading/id1680325750?uo=4,,ready,2026-09-25,,
Immerse: Bible Reading Experience - NLT Daily Bible In A Year,podcast,Hosted by Tyndale House Publishers | Lumivoz — Christianity,https://podcasts.apple.com/us/podcast/immerse-bible-reading-experience-nlt-daily-bible-in-a-year/id1721734139?uo=4,katiedodillet@tyndale.com,ready,2026-09-25,,"Tyndale House Publishers press contact (Katie Dodillet) — general publisher contact, confirmed current across multiple 2023-2025 releases."
Daily Bible Reading,podcast,Hosted by Logan Mauldin — Christianity,https://podcasts.apple.com/us/podcast/daily-bible-reading/id1546625938?uo=4,,ready,2026-09-25,,
The On Ramp: Daily Bible Reading,podcast,Hosted by Hope Nation — Christianity,https://podcasts.apple.com/us/podcast/the-on-ramp-daily-bible-reading/id1665501450?uo=4,,ready,2026-09-25,,
Daily Bible Reading (ESV),podcast,Hosted by Tally Preacher — Christianity,https://podcasts.apple.com/us/podcast/daily-bible-reading-esv/id1838290203?uo=4,,ready,2026-09-25,,
KJV Daily Bible Reading - Old Testament,podcast,Hosted by Michael Wilkinson — Christianity,https://podcasts.apple.com/us/podcast/kjv-daily-bible-reading-old-testament/id1662257807?uo=4,,ready,2026-09-25,,
KJV Daily Bible Reading - New Testament,podcast,Hosted by Michael Wilkinson — Christianity,https://podcasts.apple.com/us/podcast/kjv-daily-bible-reading-new-testament/id1662257595?uo=4,,ready,2026-09-25,,
The Reforming Fatherhood Podcast,podcast,Hosted by Chris Cirullo — Christianity,https://podcasts.apple.com/us/podcast/the-reforming-fatherhood-podcast/id1896783339?uo=4,,ready,2026-09-25,,
The Biblical Fatherhood Podcast,podcast,"Hosted by Dr. Michael Napier ""REV"" — Christianity",https://podcasts.apple.com/us/podcast/the-biblical-fatherhood-podcast/id1894962346?uo=4,,ready,2026-09-25,,
Fatherhood Arise Podcast,podcast,Hosted by fatherhoodarise — Christianity,https://podcasts.apple.com/us/podcast/fatherhood-arise-podcast/id1516140156?uo=4,,ready,2026-09-25,,
Intentional Fatherhood,podcast,"Hosted by Brook Mosser, Justin Whitmel Earley — Christianity",https://podcasts.apple.com/us/podcast/intentional-fatherhood/id1818945136?uo=4,,ready,2026-09-25,,
Fireside Fatherhood,podcast,"Hosted by Max Gangestad, Matt Snyder, and Carson Gardner — Christianity",https://podcasts.apple.com/us/podcast/fireside-fatherhood/id1846240267?uo=4,,ready,2026-09-25,,
Fatherhood Foundation,podcast,Hosted by PowerHouse Church — Christianity,https://podcasts.apple.com/us/podcast/fatherhood-foundation/id1550628303?uo=4,,ready,2026-09-25,,
Fatherhood Friday's,podcast,Hosted by Chalmer Williams — Christianity,https://podcasts.apple.com/us/podcast/fatherhood-fridays/id1471536000?uo=4,,ready,2026-09-25,,
"Manhood Unveiled: Navigating Fatherhood, Marriage, and Faith",podcast,Hosted by Zeth Lee — Christianity,https://podcasts.apple.com/us/podcast/manhood-unveiled-navigating-fatherhood-marriage-and/id1733380385?uo=4,,ready,2026-09-25,,
Forging Fatherhood,podcast,Hosted by Charles Patterson & Chase Brant — Christianity,https://podcasts.apple.com/us/podcast/forging-fatherhood/id1761909831?uo=4,,ready,2026-09-25,,
"Faith, Fatherhood and Figuring it Out",podcast,Hosted by Bruce Malmstrom — Christianity,https://podcasts.apple.com/us/podcast/faith-fatherhood-and-figuring-it-out/id1616779544?uo=4,,ready,2026-09-25,,
The Realities of Fatherhood,podcast,Hosted by Elijah Atilano — Christianity,https://podcasts.apple.com/us/podcast/the-realities-of-fatherhood/id1603867490?uo=4,,ready,2026-09-25,,
Facts And Fatherhood With Pastor Demetrius Wilson,podcast,Hosted by Kingdom Purpose Media — Christianity,https://podcasts.apple.com/us/podcast/facts-and-fatherhood-with-pastor-demetrius-wilson/id1867907462?uo=4,,ready,2026-09-25,,
Fruits of Fatherhood,podcast,Hosted by Trevor McClure — Christianity,https://podcasts.apple.com/us/podcast/fruits-of-fatherhood/id1519811184?uo=4,,ready,2026-09-25,,
Fatherhood & Sonship,podcast,Hosted by Aron Africa — Christianity,https://podcasts.apple.com/us/podcast/fatherhood-sonship/id1570873762?uo=4,,ready,2026-09-25,,
Ground Breakers Men's Discipleship,podcast,Hosted by Discipleship | Raw | Real | Unscripted | Unfiltered — Christianity,https://podcasts.apple.com/us/podcast/ground-breakers-mens-discipleship/id1896818232?uo=4,,ready,2026-09-25,,
Valor Men's Ministry Podcast,podcast,Hosted by A.J. Reilly and Jared Barringer — Christianity,https://podcasts.apple.com/us/podcast/valor-mens-ministry-podcast/id1733099596?uo=4,,ready,2026-09-25,,
The Path - FBCH Mens Podcast,podcast,Hosted by FBCH Men's Ministry — Christianity,https://podcasts.apple.com/us/podcast/the-path-fbch-mens-podcast/id1805803256?uo=4,,ready,2026-09-25,,
Versus Men's Podcast,podcast,Hosted by Versus Men's Ministry — Christianity,https://podcasts.apple.com/us/podcast/versus-mens-podcast/id1733492048?uo=4,,ready,2026-09-25,,
Men's Ministry | Southeast Christian Church,podcast,Hosted by SECC | MC - SMMBS — Christianity,https://podcasts.apple.com/us/podcast/mens-ministry-southeast-christian-church/id1504119165?uo=4,,ready,2026-09-25,,
Wingman Nation Men's Moment,podcast,Hosted by Wingman Nation Men's Ministry — Christianity,https://podcasts.apple.com/us/podcast/wingman-nation-mens-moment/id1536342651?uo=4,,ready,2026-09-25,,
"Men's Ministry Roundtable (Christian Assembly Church in Los Angeles, CA)",podcast,Hosted by Marvin Enriquez — Christianity,https://podcasts.apple.com/us/podcast/mens-ministry-roundtable-christian-assembly-church/id1468304218?uo=4,,ready,2026-09-25,,
Horizon Men's Ministry,podcast,Hosted by Horizon Church — Christianity,https://podcasts.apple.com/us/podcast/horizon-mens-ministry/id1766583213?uo=4,,ready,2026-09-25,,
Calvary Chapel Gateway | Men's Ministry,podcast,Hosted by Pastor Tony Montemurro — Christianity,https://podcasts.apple.com/us/podcast/calvary-chapel-gateway-mens-ministry/id1660166086?uo=4,,ready,2026-09-25,,
Lincoln Avenue Men's Ministry,podcast,Hosted by Lincoln Avenue Baptist Church — Christianity,https://podcasts.apple.com/us/podcast/lincoln-avenue-mens-ministry/id1793804330?uo=4,,ready,2026-09-25,,
Grace Bible Church - FIRST WATCH Men's Ministry,podcast,Hosted by Grace Bible Church of Bakersfield — Christianity,https://podcasts.apple.com/us/podcast/grace-bible-church-first-watch-mens-ministry/id1708125416?uo=4,,ready,2026-09-25,,
High Ground Men's Ministry,podcast,Hosted by High Ground Men's Ministry — Christianity,https://podcasts.apple.com/us/podcast/high-ground-mens-ministry/id1586019476?uo=4,,ready,2026-09-25,,
Act Like Men,podcast,Hosted by Men's Ministry Catalyst — Christianity,https://podcasts.apple.com/us/podcast/act-like-men/id6781041380?uo=4,,ready,2026-09-25,,
Act Like Men,podcast,Hosted by Men's Ministry Catalyst — Christianity,https://podcasts.apple.com/us/podcast/act-like-men/id1880163897?uo=4,,ready,2026-09-25,,
Forged for a Purpose,podcast,Hosted by The Foundry Men's Ministry — Christianity,https://podcasts.apple.com/us/podcast/forged-for-a-purpose/id1831599058?uo=4,,ready,2026-09-25,,
Skyline Church Men's Ministry,podcast,Hosted by Skyline Church Men's Ministry — Christianity,https://podcasts.apple.com/us/podcast/skyline-church-mens-ministry/id1611087948?uo=4,,ready,2026-09-25,,
Iron Sharpens Iron Men's Fellowship Bible Study Podcast,podcast,Hosted by Iron Sharpen's Iron Men's Fellowship — Religion & Spirituality,https://podcasts.apple.com/us/podcast/iron-sharpens-iron-mens-fellowship-bible-study-podcast/id1680352917?uo=4,,ready,2026-09-25,,
LARRY AND LAURA ENGLAND ASKED GOD A QUESTION: IS IT POSSIBLE FOR US TO HAVE A BIBLE STUDY USING NOTHING BUT THE SCRIPTURES OF,podcast,"Hosted by MEN AS TREES CD MINISTRIES.ORG--""CHRISTIAN DEVELOPMENT"" — Christianity",https://podcasts.apple.com/us/podcast/larry-and-laura-england-asked-god-a-question-is/id1464598246?uo=4,,ready,2026-09-25,,
Men's Overnight Bible Study,podcast,Hosted by Men's Overnight Bible Study — Christianity,https://podcasts.apple.com/us/podcast/mens-overnight-bible-study/id1645467784?uo=4,,ready,2026-09-25,,
Men's Bible Study,podcast,Hosted by Pastor John Mark Caton — Religion & Spirituality,https://podcasts.apple.com/us/podcast/mens-bible-study/id1239564259?uo=4,,ready,2026-09-25,,
Men's Bible Study at Compass Bible Church,podcast,Hosted by Compass Bible Church — Christianity,https://podcasts.apple.com/us/podcast/mens-bible-study-at-compass-bible-church/id328593027?uo=4,,ready,2026-09-25,,
Council of Catholic Men: Catechism and Bible Study of the Catholic Church,podcast,Hosted by Council of Catholic Men — Christianity,https://podcasts.apple.com/us/podcast/council-of-catholic-men-catechism-and-bible/id1896641707?uo=4,,ready,2026-09-25,,
Men's Morning Bible Study,podcast,Hosted by Stonegate Fellowship — Christianity,https://podcasts.apple.com/us/podcast/mens-morning-bible-study/id1169163043?uo=4,,ready,2026-09-25,,
Men of Valor Bible Study,podcast,Hosted by Great Rock Church — Christianity,https://podcasts.apple.com/us/podcast/men-of-valor-bible-study/id1595839251?uo=4,,ready,2026-09-25,,
Key Life Fellowship - Men's Bible Study,podcast,Hosted by Key Life Fellowship — Christianity,https://podcasts.apple.com/us/podcast/key-life-fellowship-mens-bible-study/id1518953540?uo=4,,ready,2026-09-25,,
Men's Bible Study (Central Baptist Round Rock),podcast,Hosted by Central Baptist Church Round Rock — Christianity,https://podcasts.apple.com/us/podcast/mens-bible-study-central-baptist-round-rock/id1767832499?uo=4,,ready,2026-09-25,,
BCF Men's Bible Study,podcast,Hosted by Bandon Christian Fellowship — Christianity,https://podcasts.apple.com/us/podcast/bcf-mens-bible-study/id6804014106?uo=4,,ready,2026-09-25,,
Park Cities Presbyterian Church Men's Bible Study,podcast,Hosted by Park Cities Presbyterian Church (PCA) — Christianity,https://podcasts.apple.com/us/podcast/park-cities-presbyterian-church-men-s-bible-study/id1438152790?uo=4,,ready,2026-09-25,,
Men's Bible Study - RLC,podcast,Hosted by Paul March — Christianity,https://podcasts.apple.com/us/podcast/mens-bible-study-rlc/id1674348783?uo=4,,ready,2026-09-25,,
Basecamp Bible Study,podcast,Hosted by Men's Ministry — Arts,https://podcasts.apple.com/us/podcast/basecamp-bible-study/id1600519517?uo=4,,ready,2026-09-25,,
The Daily Hammer Bible Reading,podcast,Hosted by Man in the World — Christianity,https://podcasts.apple.com/us/podcast/the-daily-hammer-bible-reading/id1790388030?uo=4,,ready,2026-09-25,,
Let's Read the Gospels with Annie F. Downs,podcast,Hosted by That Sounds Fun Network — Religion & Spirituality,https://podcasts.apple.com/us/podcast/lets-read-the-gospels-with-annie-f-downs/id1655219933?uo=4,,ready,2026-09-25,,
BAC Bible Reading Plan Podcast,podcast,"Hosted by Bedford Alliance Church, Temperance, MI — Christianity",https://podcasts.apple.com/us/podcast/bac-bible-reading-plan-podcast/id1602692586?uo=4,,ready,2026-09-25,,
Chapter-A-Day Audio Bible,podcast,"Hosted by John Stange, Pastor and Audio Bible Reading Plan — Christianity",https://podcasts.apple.com/us/podcast/chapter-a-day-audio-bible/id1070975577?uo=4,,ready,2026-09-25,,
Unfading Truth Bible Reading Plan,podcast,Hosted by Chad Werkhoven — Christianity,https://podcasts.apple.com/us/podcast/unfading-truth-bible-reading-plan/id1653466545?uo=4,,ready,2026-09-25,,
Not Alone Today Podcast (Chronological Bible Reading Plan),podcast,Hosted by Joseph and Anu Ola — Christianity,https://podcasts.apple.com/us/podcast/not-alone-today-podcast-chronological-bible-reading-plan/id1537774506?uo=4,,ready,2026-09-25,,
Uncommen: Man to Man,podcast,Hosted by Uncommen: Man to Man — Religion,https://podcasts.apple.com/us/podcast/uncommen-man-to-man/id1579094638?uo=4,,ready,2026-09-25,,
Bible Answer Man Podcast with Hank Hanegraaff,podcast,Hosted by The Christian Research Institute — Christianity,https://podcasts.apple.com/us/podcast/bible-answer-man-podcast-with-hank-hanegraaff/id569236334?uo=4,,ready,2026-09-25,,"No direct press email found for Christian Research Institute (org based in Charlotte, NC, equip.org). Established org — worth a direct look at equip.org/contact if pursuing."
CNN 5 Things,podcast,Hosted by CNN Podcasts — Daily News,https://podcasts.apple.com/us/podcast/cnn-5-things/id1436719991?uo=4,,ready,2026-09-25,,"Not a fit — general news podcast, unrelated to Selah."
fblosgatos - 2025: Daily Devotional Thought and Bible Reading,podcast,Hosted by Dr. Roger McCarty — Religion & Spirituality,https://podcasts.apple.com/us/podcast/fblosgatos-2025-daily-devotional-thought-and-bible/id1790459948?uo=4,,ready,2026-09-25,,
HPUMC: Deuteronomy Bible Reading Plan,podcast,Hosted by Highland Park United Methodist Church — Christianity,https://podcasts.apple.com/us/podcast/hpumc-deuteronomy-bible-reading-plan/id1767256201?uo=4,,ready,2026-09-25,,
The Resolved to Read Podcast,podcast,Hosted by Jennifer Jolene Deal — Christianity,https://podcasts.apple.com/us/podcast/the-resolved-to-read-podcast/id1789361336?uo=4,,ready,2026-09-25,,
Dead Men Walking Podcast,podcast,Hosted by Greg Moore Jr — Christianity,https://podcasts.apple.com/us/podcast/dead-men-walking-podcast/id1507591113?uo=4,,ready,2026-09-25,,
The Journey of a Christian Dad Podcast,podcast,Hosted by Dan Luigs — Christianity,https://podcasts.apple.com/us/podcast/the-journey-of-a-christian-dad-podcast/id1546405330?uo=4,,ready,2026-09-25,,
Christian Dad's Podcast,podcast,Hosted by James Pellicane — Christianity,https://podcasts.apple.com/us/podcast/christian-dads-podcast/id295386637?uo=4,,ready,2026-09-25,,
The Strong Catholic Dad Podcast,podcast,Hosted by Strong Catholic Dad — Christianity,https://podcasts.apple.com/us/podcast/the-strong-catholic-dad-podcast/id1531389878?uo=4,,ready,2026-09-25,,
Holy Chaos on Tap A Catholic Dad Podcast,podcast,Hosted by Nick — Christianity,https://podcasts.apple.com/us/podcast/holy-chaos-on-tap-a-catholic-dad-podcast/id1847972284?uo=4,,ready,2026-09-25,,
Dear New Dad - Podcast,podcast,Hosted by Pastor Nate Holdridge & Pastor Matt Gersonde — Christianity,https://podcasts.apple.com/us/podcast/dear-new-dad-podcast/id992234437?uo=4,,ready,2026-09-25,,
The HeartWorking Dad Podcast for Christian Fathers,podcast,Hosted by Gabriel — Parenting,https://podcasts.apple.com/us/podcast/the-heartworking-dad-podcast-for-christian-fathers/id1641186505?uo=4,,ready,2026-09-25,,
Old Fashion Dad Podcast,podcast,Hosted by Christian Harris and Christian Bringolf — Parenting,https://podcasts.apple.com/us/podcast/old-fashion-dad-podcast/id1513254208?uo=4,,ready,2026-09-25,,
Preacher Dad Podcast,podcast,Hosted by Preacher Dad — Christianity,https://podcasts.apple.com/us/podcast/preacher-dad-podcast/id1583828182?uo=4,,ready,2026-09-25,,
Swiss Army Dad Podcast,podcast,Hosted by L.W. Willard — Christianity,https://podcasts.apple.com/us/podcast/swiss-army-dad-podcast/id1585002174?uo=4,,ready,2026-09-25,,
Praying Dad Podcast,podcast,Hosted by Aaron Hall — Christianity,https://podcasts.apple.com/us/podcast/praying-dad-podcast/id1558603069?uo=4,,ready,2026-09-25,,
The Lutheran Dad Podcast,podcast,Hosted by Matt Doebler — Christianity,https://podcasts.apple.com/us/podcast/the-lutheran-dad-podcast/id1499698754?uo=4,,ready,2026-09-25,,
Dad Jokes and Discernment: The Podcast,podcast,Hosted by Dad Jokes and Discernment — Christianity,https://podcasts.apple.com/us/podcast/dad-jokes-and-discernment-the-podcast/id1826613558?uo=4,,ready,2026-09-25,,
The DAD Base Podcast,podcast,Hosted by The DAD Base. — Christianity,https://podcasts.apple.com/us/podcast/the-dad-base-podcast/id1584323651?uo=4,,ready,2026-09-25,,
Christian Parenting Basics - Dad and Lad Podcast,podcast,Hosted by Scripture Union Canada — Christianity,https://podcasts.apple.com/us/podcast/christian-parenting-basics-dad-and-lad-podcast/id1680568403?uo=4,,ready,2026-09-25,,
Dad U Podcast,podcast,"Hosted by Watermark Community Church, Dallas, TX — Christianity",https://podcasts.apple.com/us/podcast/dad-u-podcast/id1687153692?uo=4,,ready,2026-09-25,,
FMP - Faith & Manhood Podcast,podcast,Hosted by Elliot Mitchell — Christianity,https://podcasts.apple.com/us/podcast/fmp-faith-manhood-podcast/id1665056472?uo=4,,ready,2026-09-25,,
Revival House Church: Men's Group,podcast,Hosted by Revival House Church Podcasts — Christianity,https://podcasts.apple.com/us/podcast/revival-house-church-mens-group/id1827367411?uo=4,,ready,2026-09-25,,
Yoked - Men's Life Group Podcast,podcast,Hosted by Southern Hills Church — Christianity,https://podcasts.apple.com/us/podcast/yoked-mens-life-group-podcast/id1483861914?uo=4,,ready,2026-09-25,,
Christian Men's Life Group,podcast,Hosted by KEN MCCONNELL — Christianity,https://podcasts.apple.com/us/podcast/christian-mens-life-group/id1768407951?uo=4,,ready,2026-09-25,,
New Life Ministries Men's Group,podcast,Hosted by Victor — Christianity,https://podcasts.apple.com/us/podcast/new-life-ministries-mens-group/id1885526752?uo=4,,ready,2026-09-25,,
The Godly Men Group Podcast,podcast,Hosted by TheGodlyMenGroup — Christianity,https://podcasts.apple.com/us/podcast/the-godly-men-group-podcast/id1513263750?uo=4,,ready,2026-09-25,,
Gravetop Men's Group,podcast,Hosted by Gravetop Church — Christianity,https://podcasts.apple.com/us/podcast/gravetop-mens-group/id1477267208?uo=4,,ready,2026-09-25,,
Redemption Shoals Men's Community Group-David Isbell,podcast,Hosted by Jim Shull — Christianity,https://podcasts.apple.com/us/podcast/redemption-shoals-mens-community-group-david-isbell/id1532788042?uo=4,,ready,2026-09-25,,
ONE|MAN Podcast,podcast,Hosted by ONE|MAN MEDIA GROUP — Christianity,https://podcasts.apple.com/us/podcast/one-man-podcast/id1732106285?uo=4,,ready,2026-09-25,,
Stand in the Gap: An Urgent Call For Biblical Manhood,podcast,Hosted by Stand in the Gap — Christianity,https://podcasts.apple.com/us/podcast/stand-in-the-gap-an-urgent-call-for-biblical-manhood/id1877807481?uo=4,,ready,2026-09-25,,
Rediscovering Biblical Manhood,podcast,Hosted by Hosted by: Jay Teresi & Chicka Elloy — Christianity,https://podcasts.apple.com/us/podcast/rediscovering-biblical-manhood/id1574103354?uo=4,,ready,2026-09-25,,
Walking in biblical manhood,podcast,"Hosted by 1 Corinthians 16:13,14 — Christianity",https://podcasts.apple.com/us/podcast/walking-in-biblical-manhood/id1731873561?uo=4,,ready,2026-09-25,,
Manly with Andy: Pursuing Biblical Manhood,podcast,Hosted by Andy Youso — Society & Culture,https://podcasts.apple.com/us/podcast/manly-with-andy-pursuing-biblical-manhood/id1663564898?uo=4,,ready,2026-09-25,,
A Young Man's Guide to the Universe | Biblical Manhood & Character,podcast,Hosted by BAttle Armor: Mentorship for Young Christian Men — Christianity,https://podcasts.apple.com/us/podcast/a-young-mans-guide-to-the-universe-biblical/id1726675852?uo=4,,ready,2026-09-25,,
Biblical Manhood and Womanhood,podcast,Hosted by Dr. Kevin Mobley — Christianity,https://podcasts.apple.com/us/podcast/biblical-manhood-and-womanhood/id1645337114?uo=4,,ready,2026-09-25,,
Recovering Biblical Manhood,podcast,Hosted by Paul Robbins and Aaron McBride — Christianity,https://podcasts.apple.com/us/podcast/recovering-biblical-manhood/id1709800004?uo=4,,ready,2026-09-25,,
The Building Blocks of Biblical Manhood,podcast,Hosted by Gene Johnson & Kevin Jean-Paul — Christianity,https://podcasts.apple.com/us/podcast/the-building-blocks-of-biblical-manhood/id1666666444?uo=4,,ready,2026-09-25,,
The Godly Manhood Podcast,podcast,Hosted by Emery Phipps — Christianity,https://podcasts.apple.com/us/podcast/the-godly-manhood-podcast/id1711122372?uo=4,,ready,2026-09-25,,
The Gritty Men Podcast,podcast,Hosted by Gritty Men — Christianity,https://podcasts.apple.com/us/podcast/the-gritty-men-podcast/id1658341862?uo=4,,ready,2026-09-25,,
Room for Nuance,podcast,Hosted by Room for Nuance Podcast — Christianity,https://podcasts.apple.com/us/podcast/room-for-nuance/id1694579242?uo=4,,ready,2026-09-25,,
C3 Leadership Podcast With Ed Young,podcast,Hosted by C3 Conference — Religion & Spirituality,https://podcasts.apple.com/us/podcast/c3-leadership-podcast-with-ed-young/id1837765586?uo=4,,ready,2026-09-25,,
MTNTOUGH Podcast w/ Dustin Diefenderfer,podcast,Hosted by Dustin Diefenderfer Founder and CEO of MTNTOUGH Fitness — Health & Fitness,https://podcasts.apple.com/us/podcast/mtntough-podcast-w-dustin-diefenderfer/id1674015509?uo=4,,ready,2026-09-25,,
The Will Spencer Podcast,podcast,Hosted by Will Spencer — Society & Culture,https://podcasts.apple.com/us/podcast/the-will-spencer-podcast/id1533933447?uo=4,,ready,2026-09-25,,
Holy Smokes Men's Ministry Podcast,podcast,Hosted by holysmokesmen — Religion & Spirituality,https://podcasts.apple.com/us/podcast/holy-smokes-mens-ministry-podcast/id1736637896?uo=4,,ready,2026-09-25,,
Straight Truth Podcast,podcast,Hosted by Straight Truth Podcast — Christianity,https://podcasts.apple.com/us/podcast/straight-truth-podcast/id1350185009?uo=4,,ready,2026-09-25,,
Livin' The Bream Podcast,podcast,Hosted by FOX News Podcasts — News,https://podcasts.apple.com/us/podcast/livin-the-bream-podcast/id1195622438?uo=4,,ready,2026-09-25,,Not a fit — Fox News politics/sports commentary show.
Second Chance Church Podcast,podcast,Hosted by Second Chance Church — Christianity,https://podcasts.apple.com/us/podcast/second-chance-church-podcast/id1339776817?uo=4,,ready,2026-09-25,,
Stonebridge Bible Church Sermons,podcast,Hosted by Stonebridge Bible Church — Christianity,https://podcasts.apple.com/us/podcast/stonebridge-bible-church-sermons/id1559402404?uo=4,,ready,2026-09-25,,
Wonder Lake Bible Church,podcast,Hosted by Wonder Lake Bible Church — Christianity,https://podcasts.apple.com/us/podcast/wonder-lake-bible-church/id306930489?uo=4,,ready,2026-09-25,,
"Journey Bible Fellowship - Leander, Texas",podcast,"Hosted by Journey Bible Fellowship - Leander, Texas — Christianity",https://podcasts.apple.com/us/podcast/journey-bible-fellowship-leander-texas/id1767729207?uo=4,,ready,2026-09-25,,
Broadway Baptist Church,podcast,"Hosted by Broadway Baptist Church in Lexington, Kentucky - Pastor Daniel Ausbun preaches from the CSB. A Southern Baptist congregation in Lexington, KY. — Religion & Spirituality",https://podcasts.apple.com/us/podcast/broadway-baptist-church/id1302964154?uo=4,,ready,2026-09-25,,
Immanuel Bible Church,podcast,Hosted by Immanuel Bible Church — Religion & Spirituality,https://podcasts.apple.com/us/podcast/immanuel-bible-church/id1715359504?uo=4,,ready,2026-09-25,,
Paul Offin Bible Class,podcast,Hosted by Paul Offin Bible Class — Christianity,https://podcasts.apple.com/us/podcast/paul-offin-bible-class/id1522758996?uo=4,,ready,2026-09-25,,
True to the Bible,podcast,Hosted by TTTB — Christianity,https://podcasts.apple.com/us/podcast/true-to-the-bible/id1547501412?uo=4,,ready,2026-09-25,,
Daily Bible Podcast,podcast,Hosted by Daily Bible Pod Coffee Club — Christianity,https://podcasts.apple.com/us/podcast/daily-bible-podcast/id1818867658?uo=4,,ready,2026-09-25,,
Teach Me The Bible,podcast,Hosted by Dr. David Klingler — Christianity,https://podcasts.apple.com/us/podcast/teach-me-the-bible/id1565986757?uo=4,,ready,2026-09-25,,
Disciple's Direction,podcast,Hosted by Matt Vance — Christianity,https://podcasts.apple.com/us/podcast/disciples-direction/id1627172245?uo=4,,ready,2026-09-25,,
Year Through the Bible Podcast,podcast,Hosted by Asbury Church — Christianity,https://podcasts.apple.com/us/podcast/year-through-the-bible-podcast/id1867554130?uo=4,,ready,2026-09-25,,
Becoming GQ (God Qualified Men) Podcast,podcast,"Hosted by Mikel A. Walker, Sr — Christianity",https://podcasts.apple.com/us/podcast/becoming-gq-god-qualified-men-podcast/id1881443713?uo=4,,ready,2026-09-25,,
Men in the Arena - Christian Men's Podcast,podcast,Hosted by Jim Ramos — Christianity,https://podcasts.apple.com/us/podcast/men-in-the-arena-christian-mens-podcast/id1144237071?uo=4,,ready,2026-09-25,,"No public email found in time spent researching. Very strong candidate otherwise — #1 ranked Spotify Christian men's podcast, daily, 1074 episodes, real non-profit ministry (Jim Ramos). Worth Collin's own follow-up via their site."
Sunday Sermons,podcast,"Hosted by The Village Church of Irvine: Irvine, CA — Christianity",https://podcasts.apple.com/us/podcast/sunday-sermons/id265570773?uo=4,,ready,2026-09-25,,
Men of Valor Ministries,podcast,Hosted by Men of Valor Ministries — Christianity,https://podcasts.apple.com/us/podcast/men-of-valor-ministries/id1649126082?uo=4,,ready,2026-09-25,,
The Catholic Journeyman,podcast,Hosted by Dave Wade — Christianity,https://podcasts.apple.com/us/podcast/the-catholic-journeyman/id283828340?uo=4,,ready,2026-09-25,,
NBC: After Hours,podcast,Hosted by Noblesville Baptist Church — Christianity,https://podcasts.apple.com/us/podcast/nbc-after-hours/id1665301910?uo=4,,ready,2026-09-25,,
Undaunted.Life: A Man's Podcast by Kyle Thompson,podcast,Hosted by Undaunted.Life — Religion & Spirituality,https://podcasts.apple.com/us/podcast/undaunted-life-a-mans-podcast-by-kyle-thompson/id1326692289?uo=4,,ready,2026-09-25,,
SWAT Radio,podcast,Hosted by Doug McCary — Religion & Spirituality,https://podcasts.apple.com/us/podcast/swat-radio/id1275526307?uo=4,,ready,2026-09-25,,
Various and Sundry Podcast,podcast,Hosted by Matt Harmon and John Sloat — Religion & Spirituality,https://podcasts.apple.com/us/podcast/various-and-sundry-podcast/id1490764645?uo=4,,ready,2026-09-25,,
Search Results on SermonAudio,podcast,Hosted by Various Speakers — Christianity,https://podcasts.apple.com/us/podcast/search-results-on-sermonaudio/id418571257?uo=4,,ready,2026-09-25,,"Not a real single podcast — generic search-results listing, not an actual show."
Berean Baptist Church,podcast,Hosted by Sean E. Harris — Christianity,https://podcasts.apple.com/us/podcast/berean-baptist-church/id413515243?uo=4,,ready,2026-09-25,,
Being Bereans | Acts 17:11,podcast,"Hosted by Sean Harris, Steve Wilson, Mike Boarts, Brian Howell, Jack Farmer — Christianity",https://podcasts.apple.com/us/podcast/being-bereans-acts-17-11/id1783625224?uo=4,,ready,2026-09-25,,
The Frontline Podcast For Christian Men,podcast,Hosted by Matt Knoll — Christianity,https://podcasts.apple.com/us/podcast/the-frontline-podcast-for-christian-men/id1524172196?uo=4,,ready,2026-09-25,,
The Single Man Podcast,podcast,Hosted by Carlton French — Relationships,https://podcasts.apple.com/us/podcast/the-single-man-podcast/id1736070506?uo=4,,ready,2026-09-25,,
National Men's Prayer Call,podcast,Hosted by Nation Men's Prayer Call — Christianity,https://podcasts.apple.com/us/podcast/national-mens-prayer-call/id1553804377?uo=4,,ready,2026-09-25,,
Take Flight,podcast,Hosted by Mark Whittle — Self-Improvement,https://podcasts.apple.com/us/podcast/take-flight/id1339336927?uo=4,,ready,2026-09-25,,
"Connecting with God: Finding The Life You Always Wanted In God | Prayer, Prophetic, Destiny",podcast,"Hosted by Daniel Rogers | Christian Men & Women, Prayer, Prophetic, Destiny — Religion & Spirituality",https://podcasts.apple.com/us/podcast/connecting-with-god-finding-the-life-you-always-wanted/id1771996983?uo=4,,ready,2026-09-25,,
Mens Prayer Conference,podcast,Hosted by Mens Prayer Conferencee — Christianity,https://podcasts.apple.com/us/podcast/mens-prayer-conference/id1581902854?uo=4,,ready,2026-09-25,,
Acts Daily Devotional Podcast,podcast,Hosted by Grace Church — Christianity,https://podcasts.apple.com/us/podcast/acts-daily-devotional-podcast/id1893074838?uo=4,,ready,2026-09-25,,
The Crossway Podcast,podcast,Hosted by Crossway — Christianity,https://podcasts.apple.com/us/podcast/the-crossway-podcast/id1457099163?uo=4,lharvey@crossway.org,ready,2026-09-25,,"Crossway press contact (Lauren Harvey) — same as Daily Strength. Active, weekly, 749 reviews at 4.8 stars."
2 Minute Disciple | Daily Faith Journey for Spiritual Growth,podcast,"Hosted by Nick Oyler | Faith Journey Guide & Host of the Daily Devotional Podcast ""2 Minute Disciple"" — Christianity",https://podcasts.apple.com/us/podcast/2-minute-disciple-daily-faith-journey-for-spiritual-growth/id1598029074?uo=4,,ready,2026-09-25,,
The Crosswalk Devotional: A Daily Devotional Christian Podcast,podcast,Hosted by The Crosswalk Devotional: A Daily Devotional Christian Podcast — Christianity,https://podcasts.apple.com/us/podcast/the-crosswalk-devotional-a-daily-devotional/id1473973203?uo=4,,ready,2026-09-25,,
Carpooling with Heroes of the Bible: A Carpooling with Jesus Show | Bible Stories for Kids Devotionals Daily Devotional for,podcast,Hosted by Pastor Justin – Christian Kids Podcast Host & Pastor — Stories for Kids,https://podcasts.apple.com/us/podcast/carpooling-with-heroes-of-the-bible-a/id1842770914?uo=4,,ready,2026-09-25,,
BIG Life Devotional | Daily Devotional for Women,podcast,Hosted by Pamela Crim | Daily Devotional for Women — Christianity,https://podcasts.apple.com/us/podcast/big-life-devotional-daily-devotional-for-women/id1342285788?uo=4,,ready,2026-09-25,,
Morning Mindset Christian Daily Devotional Bible study and prayer,podcast,Hosted by Carey Green — Christianity,https://podcasts.apple.com/us/podcast/morning-mindset-christian-daily-devotional-bible-study/id1322666339?uo=4,,ready,2026-09-25,,
Restoring Warriors Daily Devotional,podcast,Hosted by Sean Nealon — Christianity,https://podcasts.apple.com/us/podcast/restoring-warriors-daily-devotional/id1822273278?uo=4,,ready,2026-09-25,,
Pursuit of Calling | Christian Identity and Growth for Men,podcast,"Hosted by Thomas Carney, Maxwell Leadership Certified Coach — Christianity",https://podcasts.apple.com/us/podcast/pursuit-of-calling-christian-identity-and-growth-for-men/id1700141705?uo=4,,ready,2026-09-25,,
Pursuit of Calling | Christian Identity and Growth for Men,podcast,"Hosted by Thomas Carney, Maxwell Leadership Certified Coach — Christianity",https://podcasts.apple.com/us/podcast/pursuit-of-calling-christian-identity-and-growth-for-men/id1752140105?uo=4,,ready,2026-09-25,,
The Lion Within Us - Leadership for Christian Men,podcast,Hosted by Chris Grainger — Christianity,https://podcasts.apple.com/us/podcast/the-lion-within-us-leadership-for-christian-men/id1600940443?uo=4,,ready,2026-09-25,,
Leadership Formation For Christian Men,podcast,Hosted by Josh Price & Tim Holloway — Christianity,https://podcasts.apple.com/us/podcast/leadership-formation-for-christian-men/id1477121673?uo=4,,ready,2026-09-25,,
The Men's Leadership Community,podcast,Hosted by Men's Leadership Community - Brotherhood of Heroic Leaders — Christianity,https://podcasts.apple.com/us/podcast/the-mens-leadership-community/id1755462095?uo=4,,ready,2026-09-25,,
"Men Who Lead Well | masculinity, insecurity, marriage, dad, faith, husband",podcast,"Hosted by Glenn Broce - Men's Life Coach, Husband and Dad Coach, Leadership Mentor — Christianity",https://podcasts.apple.com/us/podcast/men-who-lead-well-masculinity-insecurity-marriage-dad/id1894071301?uo=4,,ready,2026-09-25,,
Christian Men2Men: Marriage and Leadership God's Way,podcast,Hosted by Lee Mooring — Christianity,https://podcasts.apple.com/us/podcast/christian-men2men-marriage-and-leadership-gods-way/id1820680998?uo=4,,ready,2026-09-25,,
Friday Morning Men's Fellowship,podcast,Hosted by Leadership Ministries — Christianity,https://podcasts.apple.com/us/podcast/friday-morning-mens-fellowship/id1625781698?uo=4,,ready,2026-09-25,,
Christian Podcast for Men | Real Men Connect,podcast,Hosted by Dr. Joe Martin — Christianity,https://podcasts.apple.com/us/podcast/christian-podcast-for-men-real-men-connect/id1072876705?uo=4,,ready,2026-09-25,,
The Milestone to Manhood Podcast,podcast,Hosted by David and Steven Arms — Parenting,https://podcasts.apple.com/us/podcast/the-milestone-to-manhood-podcast/id1716779501?uo=4,,ready,2026-09-25,,
The Brotherhood Podcast,podcast,Hosted by Craig & Colton — Christianity,https://podcasts.apple.com/us/podcast/the-brotherhood-podcast/id1844490529?uo=4,,ready,2026-09-25,,
InHaus Podcast,podcast,Hosted by InHaus Podcast — Christianity,https://podcasts.apple.com/us/podcast/inhaus-podcast/id1504173678?uo=4,,ready,2026-09-25,,
The Struggles We Grow From,podcast,Hosted by Sydney Prince — Christianity,https://podcasts.apple.com/us/podcast/the-struggles-we-grow-from/id1469713343?uo=4,,ready,2026-09-25,,
Gird Up! Podcast,podcast,Hosted by Gird Up! Podcast — Christianity,https://podcasts.apple.com/us/podcast/gird-up-podcast/id1330423877?uo=4,,ready,2026-09-25,,
Community Baptist Church,podcast,Hosted by Pastor Joe Fant — Christianity,https://podcasts.apple.com/us/podcast/community-baptist-church/id1339146561?uo=4,,ready,2026-09-25,,
Community Baptist Church's Sermons,podcast,Hosted by Community Baptist — Christianity,https://podcasts.apple.com/us/podcast/community-baptist-churchs-sermons/id1528333422?uo=4,,ready,2026-09-25,,
The PodCatechist,podcast,Hosted by Baylor Griffin — Christianity,https://podcasts.apple.com/us/podcast/the-podcatechist/id1766141775?uo=4,,ready,2026-09-25,,
Throwing Mountains,podcast,Hosted by Mike Hatch & Chris Bolinger — Self-Improvement,https://podcasts.apple.com/us/podcast/throwing-mountains/id1584970534?uo=4,,ready,2026-09-25,,
Altar'd Manhood,podcast,Hosted by Altared Manhood — Christianity,https://podcasts.apple.com/us/podcast/altard-manhood/id1761560534?uo=4,,ready,2026-09-25,,
Rooted in Logos,podcast,Hosted by Rooted in Logos — Society & Culture,https://podcasts.apple.com/us/podcast/rooted-in-logos/id1569810142?uo=4,,ready,2026-09-25,,
Grace Enough Podcast,podcast,Hosted by Amber Cullum — Christianity,https://podcasts.apple.com/us/podcast/grace-enough-podcast/id1451341449?uo=4,,ready,2026-09-25,,
Sound of Sanity Archives,podcast,Hosted by Church of the King — Christianity,https://podcasts.apple.com/us/podcast/sound-of-sanity-archives/id1714749125?uo=4,,ready,2026-09-25,,
Mortification of Spin,podcast,Hosted by Alliance of Confessing Evangelicals — Religion & Spirituality,https://podcasts.apple.com/us/podcast/mortification-of-spin/id613483893?uo=4,,ready,2026-09-25,,
FOR MEN ONLY,podcast,Hosted by Faith Alive Family Church — Self-Improvement,https://podcasts.apple.com/us/podcast/for-men-only/id1579730122?uo=4,,ready,2026-09-25,,
Building Faith and Family Podcast,podcast,Hosted by Steve Demme — Christianity,https://podcasts.apple.com/us/podcast/building-faith-and-family-podcast/id1775246424?uo=4,,ready,2026-09-25,,
Faith and Family Trailblazer Podcast,podcast,Hosted by Digital Trailblazer — Kids & Family,https://podcasts.apple.com/us/podcast/faith-and-family-trailblazer-podcast/id1734827163?uo=4,,ready,2026-09-25,,
Brotherhood Forged | Christian Men's Community & Podcast,podcast,Hosted by Joey Koontz and Paul Bengel — Relationships,https://podcasts.apple.com/us/podcast/brotherhood-forged-christian-mens-community-podcast/id1809974129?uo=4,,ready,2026-09-25,,
Brotherhood Forged | Christian Men's Community & Podcast,podcast,Hosted by Joey Koontz and Paul Bengel — Relationships,https://podcasts.apple.com/us/podcast/brotherhood-forged-christian-mens-community-podcast/id1809795329?uo=4,,ready,2026-09-25,,
Faith & Family Bible Podcast with Steve Wood,podcast,Hosted by Steve Wood — Christianity,https://podcasts.apple.com/us/podcast/faith-family-bible-podcast-with-steve-wood/id1335684816?uo=4,,candidate,2026-09-25,,
The Culture War Podcast with Tim Pool,podcast,Hosted by Timcast Media — Society & Culture,https://podcasts.apple.com/us/podcast/the-culture-war-podcast-with-tim-pool/id1674019695?uo=4,,candidate,2026-09-25,,"Not a fit — political commentary, not devotional/faith content."
Mormon Stories Podcast,podcast,Hosted by Dr. John Dehlin — Religion & Spirituality,https://podcasts.apple.com/us/podcast/mormon-stories-podcast/id312094772?uo=4,,candidate,2026-09-25,,"Not a fit — different faith tradition, often exit/critical-story format."
The Victor Davis Hanson Show,podcast,Hosted by Victor Davis Hanson and Jack Fowler — Politics,https://podcasts.apple.com/us/podcast/the-victor-davis-hanson-show/id1570380458?uo=4,,candidate,2026-09-25,,Not a fit — political commentary podcast.
Last Podcast On The Left,podcast,Hosted by The Last Podcast Network — True Crime,https://podcasts.apple.com/us/podcast/last-podcast-on-the-left/id437299706?uo=4,,candidate,2026-09-25,,Not a fit — true crime/comedy podcast.
The Victor Davis Hanson Show,podcast,Hosted by Victor Davis Hanson and Jack Fowler — Politics,https://podcasts.apple.com/us/podcast/the-victor-davis-hanson-show/id1570380458?uo=4,,candidate,2026-09-25,,Not a fit — political commentary podcast.
Last Podcast On The Left,podcast,Hosted by The Last Podcast Network — True Crime,https://podcasts.apple.com/us/podcast/last-podcast-on-the-left/id437299706?uo=4,,candidate,2026-09-25,,Not a fit — true crime/comedy podcast.
Fireside Fatherhood,podcast,"Hosted by Max Gangestad, Matt Snyder, and Carson Gardner — Christianity",https://podcasts.apple.com/us/podcast/fireside-fatherhood/id1846238799?uo=4,,candidate,2026-09-25,,
Men's Bible Study,podcast,Hosted by The Grove Community Church — Christianity,https://podcasts.apple.com/us/podcast/mens-bible-study/id1764984621?uo=4,,candidate,2026-09-25,,
My Family Thinks I'm Crazy,podcast,Hosted by Mark Steeves Jr — Philosophy,https://podcasts.apple.com/us/podcast/my-family-thinks-im-crazy/id1540529469?uo=4,,candidate,2026-09-25,,
Manhood Journey Blog,blog,"Christian blog for dads — communication, faith, leadership, marriage, overcoming failure",https://manhoodjourney.org/blog/,,ready,2026-09-25,,
The Redeemed Blog,blog,"Men's ministry blog — financial troubles, relationships, addiction, anxiety, brokenness",https://theredeemed.com/blog/,,ready,2026-09-25,,
Man in the Mirror,blog,"Men's discipleship blog — rest, integrity, spiritual growth, family devotion",https://maninthemirror.org/category/blog/,,ready,2026-09-25,,
Becoming Men Blog,blog,Equipping and empowering men to become who God created them to be,https://www.thebecomingmen.com/blog,,ready,2026-09-25,,
Desiring God,blog,John Piper's ministry — celebrating God is most glorified when we are most satisfied in Him,https://www.desiringgod.org/articles,,ready,2026-09-25,,
Tim Challies,blog,"Christian blogger, author, book reviewer — faith, ministry, reading",https://www.challies.com/,,ready,2026-09-25,,
The Catholic Gentleman Blog,blog,"Catholic men's blog — virtue, holiness, true masculinity. 148K Facebook followers",https://catholicgentleman.com/blog/,,ready,2026-09-25,,
Gary Thomas Blog,blog,Bestselling author — bringing people closer to Christ and closer to others,https://garythomas.com/blog-closer-to-christ/,,ready,2026-09-25,,
David's Coffee Stains,blog,Christian men's blog with daily devotional-style posts,https://davidscoffeestains.com/,,ready,2026-09-25,,
Real Men Connect Blog,blog,Christian men connecting through faith and real-life topics,https://realmenconnect.com/blog/,,ready,2026-09-25,,
Thoughts About God,blog,Daily Christian devotionals by male and female authors — inspiring relationship with God,https://thoughts-about-god.com/blog/,,ready,2026-09-25,,
Christianity Today,blog,Largest Christian media outlet — thoughtful biblical perspectives on faith and culture,https://www.christianitytoday.com/,,ready,2026-09-25,,
The Gospel Coalition,blog,"Reformed Christian blog — theology, church, culture, reviews",https://www.thegospelcoalition.org/,,ready,2026-09-25,,
Relevant Magazine,blog,"Faith, culture, and intentional living for a new generation",https://relevantmagazine.com/,,ready,2026-09-25,,
Church Leaders,blog,Practical leadership and ministry resources for pastors and church leaders,https://churchleaders.com/,,ready,2026-09-25,,
Crosswalk,blog,"Christian living articles — faith, family, entertainment, devotionals",https://www.crosswalk.com/,,ready,2026-09-25,,
iBelieve,blog,Christian women and men — faith inspiration and spiritual growth articles,https://www.ibelieve.com/,,ready,2026-09-25,,
Frank Viola Blog,blog,"Author and speaker — reimagining church, Christ-centered spirituality",https://www.frankviola.org/,,ready,2026-09-25,,
Summit Life with J.D. Greear,blog,Pastor J.D. Greear — gospel-centered teaching and resources,https://jdgreear.com/blog/,,ready,2026-09-25,,
John Mark Comer,blog,Author of Ruthless Elimination of Hurry — practicing the way of Jesus,https://johnmarkcomer.com/,,ready,2026-09-25,,
Mark Batterson Blog,blog,"Author and pastor — spiritual growth, prayer, wild goose chase faith",https://markbatterson.com/,,ready,2026-09-25,,
Paul David Tripp,blog,"Christian counselor and author — daily grace, everyday life",https://www.paultripp.com/articles,,ready,2026-09-25,,
Matt Chandler / The Village Church Blog,blog,"Reformed pastor — gospel, community, mission",https://www.thevillagechurch.net/blog,,ready,2026-09-25,,
Art of Manliness,blog,"Men's lifestyle blog with faith-adjacent content — skills, character, virtue",https://www.artofmanliness.com/,,ready,2026-09-25,,
Catholic Men's Fellowship of California,blog,"Catholic men's ministry — conferences, spiritual growth, brotherhood",https://catholicmensfellowship.com/,,ready,2026-09-25,,
The Pour Over,newsletter,"Christian newsletter — neutral news through a Christian lens, massive readership",https://www.thepourover.org/,,ready,2026-09-25,,
ERLC,newsletter,Ethics and Religious Liberty Commission — SBC public policy and cultural engagement,https://erlc.com/,,ready,2026-09-25,,
Faithwire,newsletter,Christian news and culture — digital media reaching millions monthly,https://www.faithwire.com/,,ready,2026-09-25,,
Christian Post,newsletter,"Major Christian news site — faith, politics, culture, entertainment",https://www.christianpost.com/,,ready,2026-09-25,,
Baptist Press,newsletter,Official news service of the Southern Baptist Convention,https://www.baptistpress.com/,,ready,2026-09-25,,
World Magazine,newsletter,Christian news magazine — reporting from a biblical worldview,https://wng.org/,,ready,2026-09-25,,
Breakpoint with John Stonestreet,newsletter,Colson Center — worldview commentary and cultural engagement,https://www.breakpoint.org/,,ready,2026-09-25,,
BibleGateway Blog,newsletter,Bible reading resources and devotional content — massive user base,https://www.biblegateway.com/blog/,,ready,2026-09-25,,
Logos Bible Software Blog,newsletter,Bible study tools and resources — tech-savvy Christian audience,https://www.logos.com/grow/,,ready,2026-09-25,,
YouVersion Blog,newsletter,Bible app with 600M+ installs — Bible reading community,https://www.bible.com/blog,,ready,2026-09-25,,
Ligonier Ministries,newsletter,R.C. Sproul's ministry — Reformed theology and devotional resources,https://www.ligonier.org/,,ready,2026-09-25,,
Proverbs 31 Ministries,newsletter,Lysa TerKeurst's ministry — devotionals and Bible study for women and families,https://proverbs31.org/,,ready,2026-09-25,,
The Bible Project,youtube,"Animated Bible explainer videos — 7M+ subscribers, massive reach",https://www.youtube.com/@bibleproject,,ready,2026-09-25,,
Bishop Robert Barron,youtube,"Catholic theologian — brief commentaries on faith and culture, 3.6M subscribers",https://www.youtube.com/@BishopBarron,,ready,2026-09-25,,
Joseph Prince,youtube,Gospel of grace teaching — 1.4M YouTube subscribers,https://www.youtube.com/@JosephPrince,,ready,2026-09-25,,
Steven Furtick / Elevation Church,youtube,Powerful sermons on faith and personal growth — millions of views,https://www.youtube.com/@elevationchurch,,ready,2026-09-25,,
Allen Parr / The BEAT,youtube,Bible teaching for everyday life — apologetics and practical faith,https://www.youtube.com/@thebaborr,,ready,2026-09-25,,
Mike Winger,youtube,In-depth Bible teaching and apologetics — 1M+ subscribers,https://www.youtube.com/@MikeWinger,,ready,2026-09-25,,
Ruslan KD,youtube,"Christian commentary on culture, music, and faith — 800K+ subscribers",https://www.youtube.com/@RuslanKD,,ready,2026-09-25,,
Gospel Simplicity,youtube,Austin Suggs — exploring different Christian traditions thoughtfully,https://www.youtube.com/@GospelSimplicity,,ready,2026-09-25,,
DLM Christian Lifestyle,youtube,Bible study and daily Christian lifestyle content,https://www.youtube.com/@DLMChristianLifestyle,,ready,2026-09-25,,
Living Waters / Ray Comfort,youtube,Evangelism and apologetics — street witnessing and gospel content,https://www.youtube.com/@LivingWaters,,ready,2026-09-25,,
Through the Word,youtube,Audio Bible guide — helping people read through the entire Bible,https://www.youtube.com/@throughtheword,,ready,2026-09-25,,
Bible Study Tools,youtube,Salem Web Network — Bible study resources and devotionals,https://www.youtube.com/@BibleStudyTools,,ready,2026-09-25,,
Whaddo You Meme,youtube,Christian apologetics and meme culture — engaging younger audience,https://www.youtube.com/@whaddoyoumeme,,ready,2026-09-25,,
Sean McDowell,youtube,"Apologetics, theology, and culture — son of Josh McDowell",https://www.youtube.com/@SeanMcDowell,,ready,2026-09-25,,
Abide - Bible Sleep Meditations,youtube,Guided Bible meditations for sleep — peaceful Scripture engagement,https://www.youtube.com/@AbideMeditation,,ready,2026-09-25,,
Marcus Stanley (@marcusstanley),influencer,"Christian influencer — 1.5M followers, Bible verses and sit-down videos",https://www.instagram.com/marcusstanley/,,ready,2026-09-25,,
Mike Malagies (@mikemalagies),influencer,"Christian music and faith content — 404K followers, Bible verses",https://www.instagram.com/mikemalagies/,,ready,2026-09-25,,
Austin Blanchfill (@austinblanchfill),influencer,"Young Christian creator — scripture and encouragement, 149K followers",https://www.instagram.com/austinblanchfill/,,ready,2026-09-25,,
Sean Johnson (@godlovesasinner),influencer,"Motivational quotes and memes — 340K followers, daily encouragement",https://www.instagram.com/godlovesasinner/,,ready,2026-09-25,,
Truly Live For God (@trulyliveforgod),influencer,Faceless Christian encouragement account — 119K followers,https://www.instagram.com/trulyliveforgod/,,ready,2026-09-25,,
Rashawn Copeland (@hypesir),influencer,Gospel-sharing joy-spreader — street evangelism content,https://www.instagram.com/hypesir/,,ready,2026-09-25,,
Tim Tebow (@timtebow),influencer,"Athlete, author, philanthropist — massive Christian following",https://www.instagram.com/timtebow/,,ready,2026-09-25,,
Jacob Petersen,influencer,TikTok Christian creator — prayer and Bible study tool collaborations,https://www.tiktok.com/@jacobpetersen,,ready,2026-09-25,,
Kirby Minnick (@kirbyisaboss),influencer,Young faith influencer sharing through hardship testimony,https://www.instagram.com/kirbyisaboss/,,ready,2026-09-25,,
Christian Anthem of Hope (@christiananthemofhope),influencer,Faith organization amplifying hope for those battling brokenness,https://www.instagram.com/christiananthemofhope/,,ready,2026-09-25,,
Iron Sharpens Iron,ministry,Men's ministry network — equipping men's ministry leaders nationwide,https://ironsharpensiron.net/,,ready,2026-09-25,,
Promise Keepers,ministry,"Iconic men's ministry — conferences, resources, community",https://promisekeepers.org/,,ready,2026-09-25,,
Every Man Ministries,ministry,Stephen Arterburn — helping men live with integrity,https://everymanministries.com/,,ready,2026-09-25,,
National Coalition of Ministries to Men,ministry,Network connecting men's ministry leaders across denominations,https://ncmm.org/,,ready,2026-09-25,,
Band of Brothers / Life.Church,ministry,Life.Church men's resources — community and accountability,https://www.life.church/men/,,ready,2026-09-25,,
men's Fraternity / Authentic Manhood,ministry,Church-based men's curriculum — biblical manhood,https://www.authenticmanhood.com/,,ready,2026-09-25,,
Ransomed Heart / John Eldredge,ministry,"Wild at Heart author — men's hearts, adventure, spiritual warfare",https://www.ransomedheart.com/,,ready,2026-09-25,,
Right Now Media,ministry,Netflix of Christian video content — Bible studies and teaching,https://www.rightnowmedia.org/,,ready,2026-09-25,,
Dwell Bible App,app,"Audio Bible app — listen to Scripture, complementary to Selah's reading focus",https://dwellapp.io/,,ready,2026-09-25,,
Lectio 365,app,24-7 Prayer devotional app — daily prayer and Bible engagement,https://www.lectio365.com/,,ready,2026-09-25,,
Pray.com,app,Prayer and faith content platform — massive reach in Christian space,https://pray.com/,,ready,2026-09-25,,
Glorify App,app,Christian meditation and devotion app — daily faith practices,https://glorify-app.com/,,ready,2026-09-25,,
Hallow App,app,Catholic prayer and meditation app — daily spiritual practices,https://hallow.com/,,ready,2026-09-25,,
Church Tech Today,blog,Technology resources for churches — app reviews and digital ministry,https://churchtechtoday.com/,,ready,2026-09-25,,
The Church Digital,blog,Digital ministry strategy and tools for churches,https://thechurch.digital/,,ready,2026-09-25,,
Tithe.ly Blog,blog,Church technology and giving platform — church leader audience,https://get.tithe.ly/blog,,ready,2026-09-25,,
MinistryTech Magazine,blog,Technology solutions for churches and ministries,https://ministrytechmagazine.com/,,ready,2026-09-25,,
Reading Religion,blog,Academic book reviews — religion and theology,https://readingreligion.org/,,ready,2026-09-25,,
The Babylon Bee,blog,"Christian satire news — massive readership, culture-engaged audience",https://babylonbee.com/,,ready,2026-09-25,,
Christ and Pop Culture,blog,Faith and popular culture intersection — thoughtful Christian audience,https://christandpopculture.com/,,ready,2026-09-25,,
Mere Orthodoxy,blog,Christian thought and culture — theology meets everyday life,https://mereorthodoxy.com/,,ready,2026-09-25,,
The Anxious Bench,blog,Patheos blog — history and current events in Christianity,https://www.patheos.com/blogs/anxiousbench/,,ready,2026-09-25,,
Our Daily Bread,blog,Daily devotional ministry — millions of readers worldwide,https://odb.org/,,ready,2026-09-25,,
In Touch Ministries,blog,Charles Stanley's ministry — daily devotionals and Bible teaching,https://www.intouch.org/,,ready,2026-09-25,,
Today in the Word / Moody Bible Institute,blog,Daily Bible devotional from Moody — theologically grounded,https://todayintheword.org/,,ready,2026-09-25,,
Back to the Bible,blog,Bible teaching ministry — daily devotionals and Scripture engagement,https://backtothebible.org/,,ready,2026-09-25,,
Grace to You / John MacArthur,blog,Reformed Bible teaching — articles and daily devotionals,https://www.gty.org/,,ready,2026-09-25,,
Navigators,blog,Discipleship ministry — Bible reading plans and spiritual growth resources,https://www.navigators.org/,,ready,2026-09-25,,
Scripture Union,blog,Bible engagement ministry — helping people encounter God through Scripture,https://scriptureunion.org/,,ready,2026-09-25,,
Bible Study Magazine,blog,Faithlife publication — Bible study methods and resources,https://www.biblestudymagazine.com/,,ready,2026-09-25,,
Walk Thru the Bible,blog,"Bible engagement ministry — events, devotionals, resources",https://www.walkthru.org/,,ready,2026-09-25,,
The Bible Recap,podcast,Tara-Leigh Cobble — daily podcast walking through the Bible chronologically,https://www.thebiblerecap.com/,,ready,2026-09-25,,
Theology in the Raw,podcast,Preston Sprinkle — honest theological conversations,https://www.prestonsprinkle.com/theology-in-the-raw,,ready,2026-09-25,,
The Holy Post,podcast,"Phil Vischer and Skye Jethani — faith, politics, culture",https://www.holypost.com/,,ready,2026-09-25,,
That Sounds Fun with Annie F. Downs,podcast,"Annie F. Downs — faith, fun, and finding God in everyday life",https://anniefdowns.com/podcast/,,ready,2026-09-25,,
Journeywomen Podcast,podcast,Hunter Beless — discipleship conversations for women who love Jesus,https://journeywomenpodcast.com/,,ready,2026-09-25,,
The Risen Motherhood Podcast,podcast,Emily Jensen and Laura Wifler — gospel hope for everyday motherhood,https://www.risenmotherhood.com/podcast,,ready,2026-09-25,,
Knowing Faith,podcast,"Jen Wilkin, JT English, Kyle Worley — theology for normal people",https://knowingfaithpodcast.com/,,ready,2026-09-25,,
Ask Pastor John,podcast,John Piper — answering listener questions from a biblical perspective,https://www.desiringgod.org/ask-pastor-john,,ready,2026-09-25,,
The Carey Nieuwhof Leadership Podcast,podcast,Carey Nieuwhof — leadership insights for church and culture leaders,https://careynieuwhof.com/podcast/,,ready,2026-09-25,,
Unashamed with Phil Robertson,podcast,"Duck Dynasty's Phil Robertson — faith, family, ducks, and Scripture",https://www.blazetv.com/shows/unashamed,,ready,2026-09-25,,
Dale Partridge,influencer,"Author, podcaster — biblical family and church planting content",https://www.instagram.com/dalepartridge/,,ready,2026-09-25,,
Jefferson Bethke,influencer,"Author of Jesus > Religion — spoken word, family, faith content",https://www.instagram.com/jeffersonbethke/,,ready,2026-09-25,,
Paul Washer,influencer,HeartCry Missionary Society — intense biblical preaching clips on social,https://www.instagram.com/paulwasher/,,ready,2026-09-25,,
Francis Chan,influencer,Author of Crazy Love — radical faith and church planting content,https://www.instagram.com/crazylove/,,ready,2026-09-25,,
Lecrae,influencer,"Christian hip-hop artist — massive crossover audience, faith content",https://www.instagram.com/lecrae/,,ready,2026-09-25,,
Sadie Robertson Huff,influencer,"Duck Dynasty family — Live Original, faith and young adult audience",https://www.instagram.com/legitsadierob/,,ready,2026-09-25,,
Matt Brown / Think Eternity,influencer,Evangelist and author — digital evangelism content,https://www.instagram.com/evangelistmattbrown/,,ready,2026-09-25,,
Trip Lee,influencer,"Christian rapper, author, pastor — Rise movement",https://www.instagram.com/triplee/,,ready,2026-09-25,,
Charisma Magazine,blog,Charismatic/Pentecostal Christian magazine — Spirit-led living,https://www.charismamag.com/,,ready,2026-09-25,,
Decision Magazine / Billy Graham,blog,Billy Graham Evangelistic Association — evangelism and discipleship,https://decisionmagazine.com/,,ready,2026-09-25,,
Sojourners,blog,Faith in action — social justice and Christian living,https://sojo.net/,,ready,2026-09-25,,
Premier Christianity,blog,"UK-based Christian magazine with global reach — news, interviews, reviews",https://www.premierchristianity.com/,,ready,2026-09-25,,
Outreach Magazine,blog,Church outreach and evangelism resources — pastor and leader audience,https://outreachmagazine.com/,,ready,2026-09-25,,
MinistryWatch,blog,Christian ministry transparency and accountability reporting,https://ministrywatch.com/,,ready,2026-09-25,,
Patheos,blog,Multi-faith platform with large Christian channel — blogs and commentary,https://www.patheos.com/,,ready,2026-09-25,,
K-LOVE,radio,Largest Christian radio network — positive and encouraging music and faith,https://www.klove.com/,,ready,2026-09-25,,
Air1,radio,"Alternative Christian radio — younger audience, worship music",https://www.air1.com/,,ready,2026-09-25,,
Moody Radio,radio,Moody Bible Institute radio network — Bible teaching and music,https://www.moodyradio.org/,,ready,2026-09-25,,
Focus on the Family,radio,Jim Daly — family-focused Christian ministry and broadcast,https://www.focusonthefamily.com/,,ready,2026-09-25,,
Family Life Today,radio,"Dave and Ann Wilson — marriage, family, and faith broadcast",https://www.familylife.com/,,ready,2026-09-25,,
Crossway,publisher,ESV Bible publisher — serious theological and devotional content,https://www.crossway.org/,,ready,2026-09-25,,
Tyndale House Publishers,publisher,NLT Bible publisher — broad Christian readership,https://www.tyndale.com/,,ready,2026-09-25,,
B&H Publishing,publisher,Lifeway Christian Resources imprint — Bible studies and books,https://www.bhpublishinggroup.com/,,ready,2026-09-25,,
Zondervan,publisher,NIV Bible publisher — HarperCollins Christian publishing,https://www.zondervan.com/,,ready,2026-09-25,,
Baker Books,publisher,Christian publisher — practical theology and living,https://bakerpublishinggroup.com/,,ready,2026-09-25,,
David C Cook,publisher,Christian publisher and ministry — discipleship resources,https://www.davidccook.org/,,ready,2026-09-25,,
BibleProject Classroom,blog,Free Bible education platform — visual Bible resources,https://bibleproject.com/classroom/,,ready,2026-09-25,,
Radical / David Platt,blog,David Platt ministry — radical faith and Bible study resources,https://radical.net/,,ready,2026-09-25,,
Compassion International Blog,blog,Christian child development ministry — faith and action blog,https://blog.compassion.com/,,ready,2026-09-25,,
RZIM / Ravi Zacharias International Ministries,blog,Christian apologetics and evangelism resources,https://www.rzim.org/,,ready,2026-09-25,,
Stand to Reason,blog,Greg Koukl — apologetics and tactical faith conversations,https://www.str.org/,,ready,2026-09-25,,
Cold Case Christianity,blog,J. Warner Wallace — detective's approach to Christian evidence,https://coldcasechristianity.com/,,ready,2026-09-25,,
Got Questions,blog,"Bible answers site — massive SEO reach, millions of monthly visitors",https://www.gotquestions.org/,,ready,2026-09-25,,
Open Bible,blog,Bible topic search and verse finder — Scripture engagement tool,https://www.openbible.info/,,ready,2026-09-25,,
Blue Letter Bible,blog,In-depth Bible study tools and resources — devotional community,https://www.blueletterbible.org/,,ready,2026-09-25,,
Bible Hub,blog,Bible search and study tools — parallel translations and commentary,https://biblehub.com/,,ready,2026-09-25,,
Risen Motherhood,podcast,Emily Jensen and Laura Wifler — gospel hope for motherhood,https://www.risenmotherhood.com/,,ready,2026-09-25,,
Girls Gone Bible,podcast,Young women's Bible-centered podcast — growing fast,https://girlsgonebible.com/,,ready,2026-09-25,,
BEMA Discipleship,podcast,Marty Solomon — understanding the Bible through historical context,https://www.bemadiscipleship.com/,,ready,2026-09-25,,
Explore the Bible Podcast,podcast,Lifeway — weekly Bible study companion content,https://www.lifeway.com/en/shop/explore-the-bible,,ready,2026-09-25,,
WiRE - Devotional for Men,newsletter,"Free email devotional for men — 100K subscribers, twice weekly, Scripture-rooted",https://www.wireformen.com/,,ready,2026-09-25,,
Heartlight Daily Devotionals,newsletter,Over 250K Christians start their day with Heartlight — daily email devotionals,https://www.heartlight.org/,,ready,2026-09-25,,
The Christian Newsletter,newsletter,"Free daily devotional email — Scripture, Bible explanation, and prayer",https://christian-newsletter.com/,,ready,2026-09-25,,
Fellowship of Ailbe,newsletter,Daily Scripture studies and Celtic Christian devotionals by email,https://www.ailbe.org/,,ready,2026-09-25,,
Christianity.com Newsletters,newsletter,Salem Web Network — Bible study and spiritual growth newsletters,https://www.christianity.com/newsletters/,,ready,2026-09-25,,
Christian Headlines,newsletter,Salem Web Network — Christian news and culture newsletter,https://www.christianheadlines.com/,,ready,2026-09-25,,
GodTube,newsletter,Christian video platform — faith-based video content,https://www.godtube.com/,,ready,2026-09-25,,
Challies Reading Classics Together,blog,Tim Challies book club — massive engaged reading community,https://www.challies.com/reading-classics-together/,,ready,2026-09-25,,
The Blazing Center (Sam Storms),blog,"Pastor Sam Storms — theology, worship, spiritual gifts",https://samstorms.com/,,ready,2026-09-25,,
Kevin DeYoung Blog,blog,Reformed pastor and author — Gospel Coalition contributor,https://www.thegospelcoalition.org/blogs/kevin-deyoung/,,ready,2026-09-25,,
Trevin Wax Blog,blog,"Lifeway author — gospel, mission, and culture",https://www.trevinwax.com/,,ready,2026-09-25,,
Justin Taylor Blog,blog,"TGC editor — theology, history, culture",https://www.thegospelcoalition.org/blogs/justin-taylor/,,ready,2026-09-25,,
Michael Hyatt,blog,Christian leadership and productivity blogger — massive audience,https://michaelhyatt.com/,,ready,2026-09-25,,
Jon Bloom / Desiring God,blog,Staff writer at Desiring God — devotional articles,https://www.desiringgod.org/authors/jon-bloom,,ready,2026-09-25,,
Matt Walsh Blog,blog,Daily Wire — conservative Christian cultural commentary,https://www.dailywire.com/author/matt-walsh,,ready,2026-09-25,,
Allie Beth Stuckey,blog,Relatable podcast host — conservative Christian commentary,https://www.alliebethstuckey.com/,,ready,2026-09-25,,
Eric Metaxas,blog,Author of Bonhoeffer — Christian cultural commentary and radio,https://ericmetaxas.com/,,ready,2026-09-25,,
Louie Giglio / Passion City Church,blog,Passion movement — young adult worship and Scripture,https://passioncitychurch.com/,,ready,2026-09-25,,
David Platt / Radical,blog,Radical ministry — urgent Bible engagement and missions,https://radical.net/articles/,,ready,2026-09-25,,
Andrew Peterson / The Rabbit Room,blog,"Author and musician — faith, art, and imagination community",https://rabbitroom.com/,,ready,2026-09-25,,
Ann Voskamp,blog,Bestselling author of One Thousand Gifts — devotional writing,https://annvoskamp.com/,,ready,2026-09-25,,
Lysa TerKeurst Blog,blog,Proverbs 31 president — devotional and life content,https://lysaterkeurst.com/,,ready,2026-09-25,,
Jennie Allen / IF:Gathering,blog,Women's ministry leader — discipleship and faith,https://ifgathering.com/,,ready,2026-09-25,,
Ascension Presents (Fr. Mike Schmitz),youtube,"Catholic priest — Bible in a Year podcast host, massive reach",https://www.youtube.com/@AscensionPresents,,ready,2026-09-25,,
Jackie Hill Perry,youtube,"Author, speaker, poet — theology and cultural engagement",https://www.youtube.com/@JackieHillPerry,,ready,2026-09-25,,
Transformed by the Word,youtube,Bible study and devotional video content,https://www.youtube.com/@TransformedbytheWord,,ready,2026-09-25,,
David Guzik / Enduring Word,youtube,Verse-by-verse Bible commentary — massive written and video library,https://www.youtube.com/@EnduringWord,,ready,2026-09-25,,
Real Truth Real Quick,youtube,Quick-hit apologetics and Bible teaching videos,https://www.youtube.com/@RealTruthRealQuick,,ready,2026-09-25,,
The Liturgists Podcast,podcast,"Faith, science, and art — progressive Christian conversations",https://theliturgists.com/podcast,,ready,2026-09-25,,
Equipped with Chris Brooks,podcast,Moody Radio — equipping Christians for everyday faith,https://www.moodyradio.org/programs/equipped/,,ready,2026-09-25,,
The Eric Metaxas Show,podcast,Daily radio show — Christian cultural commentary,https://metaxastalk.com/,,ready,2026-09-25,,
Allie Beth Stuckey Relatable,podcast,Conservative Christian commentary — culture and faith,https://www.alliebethstuckey.com/relatable,,ready,2026-09-25,,
The Dad Tired Podcast,podcast,Jerrad Lopes — equipping men to lead their family well,https://www.dadtired.com/podcast,,ready,2026-09-25,,
With the Perrys,podcast,Jackie Hill Perry and Preston — theology in everyday life,https://www.jackiehillperry.com/podcast,,ready,2026-09-25,,
Bible Talk,podcast,Alex Kontorovich — conversational Bible teaching,https://www.bibletalk.tv/,,ready,2026-09-25,,
Truth for Life with Alistair Begg,podcast,Alistair Begg — verse-by-verse Bible teaching,https://www.truthforlife.org/,,ready,2026-09-25,,
Revive Our Hearts with Nancy DeMoss Wolgemuth,podcast,Women's ministry — biblical womanhood and revival,https://www.reviveourhearts.com/,,ready,2026-09-25,,
John Crist,influencer,"Christian comedian — massive social following, faith humor",https://www.instagram.com/johnbcrist/,,ready,2026-09-25,,
Elevation Worship,influencer,"Worship band — millions of followers, faith music content",https://www.instagram.com/elevationworship/,,ready,2026-09-25,,
Bethel Music,influencer,Worship collective — massive streaming and social presence,https://www.instagram.com/bethelmusic/,,ready,2026-09-25,,
Hillsong Worship,influencer,Global worship brand — enormous Christian audience,https://www.instagram.com/hillsongworship/,,ready,2026-09-25,,
Priscilla Shirer,influencer,"Bible teacher, author, speaker — War Room actress",https://www.instagram.com/praborez/,,ready,2026-09-25,,
Christine Caine,influencer,"Author, speaker — A21 anti-trafficking, Propel Women",https://www.instagram.com/christinecaine/,,ready,2026-09-25,,
Bob Goff,influencer,Author of Love Does — whimsical faith and love content,https://www.instagram.com/bobgoff/,,ready,2026-09-25,,
Judah Smith,influencer,Pastor of Churchome — Jesus Is culture,https://www.instagram.com/judahsmith/,,ready,2026-09-25,,
Chad Veach,influencer,Pastor of Zoe Church LA — young adult faith content,https://www.instagram.com/chadveach/,,ready,2026-09-25,,
Rich Wilkerson Jr,influencer,"Pastor of VOUS Church — married Kimye, young adult ministry",https://www.instagram.com/richwilkersonjr/,,ready,2026-09-25,,
Carl Lentz,influencer,Former Hillsong NYC pastor — still significant Christian audience,https://www.instagram.com/carllentz/,,ready,2026-09-25,,
Cru (formerly Campus Crusade),ministry,Campus ministry — reaching college students with the gospel,https://www.cru.org/,,ready,2026-09-25,,
InterVarsity Christian Fellowship,ministry,Campus ministry — Scripture engagement and discipleship,https://www.intervarsity.org/,,ready,2026-09-25,,
Young Life,ministry,Youth ministry — reaching adolescents with Christ's message,https://www.younglife.org/,,ready,2026-09-25,,
Fellowship of Christian Athletes,ministry,Sports ministry — athletes and coaches engaging with faith,https://www.fca.org/,,ready,2026-09-25,,
Gideons International,ministry,Bible distribution ministry — placing Scripture everywhere,https://www.gideons.org/,,ready,2026-09-25,,
American Bible Society,ministry,Bible engagement research and distribution,https://www.americanbible.org/,,ready,2026-09-25,,
Bible League International,ministry,Providing Bibles and Bible-based literacy worldwide,https://www.bibleleague.org/,,ready,2026-09-25,,
Wycliffe Bible Translators,ministry,Bible translation ministry — Scripture access for all,https://www.wycliffe.org/,,ready,2026-09-25,,
Biola University Chapel,ministry,Christian university — chapel content and spiritual life,https://www.biola.edu/,,ready,2026-09-25,,
Dallas Theological Seminary Blog,blog,DTS — theological education and devotional resources,https://voice.dts.edu/,,ready,2026-09-25,,
Gordon-Conwell Theological Seminary,blog,Evangelical seminary — theology and ministry blog,https://www.gordonconwell.edu/blog/,,ready,2026-09-25,,
Wheaton College Blog,blog,Premier evangelical college — faith and learning content,https://www.wheaton.edu/,,ready,2026-09-25,,
Liberty University,blog,Large Christian university — faith and culture content,https://www.liberty.edu/,,ready,2026-09-25,,
Acts 29 Network,ministry,Church planting network — Reformed evangelical churches,https://www.acts29.com/,,ready,2026-09-25,,
Redeemer City to City,ministry,Tim Keller's church planting ministry — urban gospel movement,https://redeemercitytocity.com/,,ready,2026-09-25,,
The Austin Stone Community Church Blog,blog,"Acts 29 church — worship, mission, and community content",https://austinstone.org/,,ready,2026-09-25,,
Village Church Resources,blog,Matt Chandler's church — sermon and discipleship resources,https://www.tvcresources.net/,,ready,2026-09-25,,
Salem Media Group,radio,Largest Christian radio broadcaster — multiple networks,https://salemmediagroup.com/,,ready,2026-09-25,,
WAY-FM,radio,Positive Christian radio network — encouraging music and faith,https://www.wayfm.com/,,ready,2026-09-25,,
The 700 Club / CBN,radio,Pat Robertson's legacy network — Christian news and content,https://www2.cbn.com/,,ready,2026-09-25,,
TBN (Trinity Broadcasting Network),radio,Largest religious TV network — Christian programming,https://www.tbn.org/,,ready,2026-09-25,,
DaySpring,blog,"Hallmark's Christian brand — devotionals, cards, gifts",https://www.dayspring.com/,,ready,2026-09-25,,
LifeWay Christian Resources,blog,"SBC resource arm — Bible studies, books, church resources",https://www.lifeway.com/,,ready,2026-09-25,,
Product Hunt,blog,Tech product launch platform — app discovery community,https://www.producthunt.com/,,ready,2026-09-25,,
AppAdvice,blog,iOS app review site — covers productivity and lifestyle apps,https://appadvice.com/,,ready,2026-09-25,,
9to5Mac,blog,Apple news and app reviews — massive iOS user audience,https://9to5mac.com/,,ready,2026-09-25,,
Bible Memory App Blog,blog,Scripture memorization community — Bible engagement focus,https://www.biblememory.com/,,ready,2026-09-25,,
She Reads Truth,blog,Women's daily Bible reading community — massive following,https://shereadstruth.com/,,ready,2026-09-25,,
He Reads Truth,blog,Men's daily Bible reading community — companion to She Reads Truth,https://hereadstruth.com/,,ready,2026-09-25,,
First 5 / Proverbs 31,app,Morning devotional app — first 5 minutes with God each day,https://first5.org/,,ready,2026-09-25,,
Echo Prayer App,app,Prayer management app — faith-tech community,https://echoprayer.com/,,ready,2026-09-25,,
Dwell Differently,blog,Scripture memorization through art and design,https://dwelldifferently.com/,,ready,2026-09-25,,
Good Morning Girls,blog,Women's online Bible study — global community,https://goodmorninggirls.org/,,ready,2026-09-25,,
Love God Greatly,blog,Women's Bible study community — reading plans and resources,https://lovegodgreatly.com/,,ready,2026-09-25,,
Precept Ministries / Kay Arthur,blog,Inductive Bible study ministry — deep Scripture engagement,https://www.precept.org/,,ready,2026-09-25,,
BSF International,ministry,Bible Study Fellowship — global in-depth Bible study community,https://www.bsfinternational.org/,,ready,2026-09-25,,
Community Bible Study,ministry,Interdenominational Bible study — groups worldwide,https://www.communitybiblestudy.org/,,ready,2026-09-25,,
Bible Study Tools,blog,Salem Web Network — free online Bible study resources,https://www.biblestudytools.com/,,ready,2026-09-25,,
Olive Tree Bible Software,app,Bible study app — cross-platform Scripture tools,https://www.olivetree.com/,,ready,2026-09-25,,
Faithlife / Logos,blog,Bible software company — theological resources and community,https://faithlife.com/,,ready,2026-09-25,,
Bible App for Kids (YouVersion),app,Children's Bible app — family faith engagement,https://bibleappforkids.com/,,ready,2026-09-25,,
Boundless (Focus on the Family),blog,"Young adult ministry — faith, relationships, life decisions",https://www.boundless.org/,,ready,2026-09-25,,
Unlocking the Bible / Colin Smith,blog,Pastor's Bible teaching ministry — daily devotional content,https://unlockingthebible.org/,,ready,2026-09-25,,
Tony Evans Blog,blog,The Urban Alternative — biblical teaching for men and families,https://tonyevans.org/,,ready,2026-09-25,,
Kingdom Man / Tony Evans,blog,Men's ministry resources from Tony Evans,https://go.tonyevans.org/kingdom-man,,ready,2026-09-25,,
Risen Magazine,blog,Faith and entertainment magazine — movie and culture reviews,https://risenmagazine.com/,,ready,2026-09-25,,
Pure Flix / Great American Pure Flix,blog,Christian streaming platform — faith entertainment audience,https://www.pureflix.com/,,ready,2026-09-25,,
RightNow Media Blog,blog,Christian video platform — Bible study and teaching resources,https://www.rightnowmedia.org/blog,,ready,2026-09-25,,
Seedbed,blog,Wesleyan publishing — discipleship and spiritual formation,https://www.seedbed.com/,,ready,2026-09-25,,
The High Calling / Theology of Work,blog,Faith and work — integrating Scripture into professional life,https://www.theologyofwork.org/,,ready,2026-09-25,,
Center for Bible Engagement,blog,Research on Bible reading habits — Scripture engagement data,https://www.centerforbibleengagement.org/,,ready,2026-09-25,,
Institute for Bible Reading,blog,Helping people read the Bible well — Immerse Bible project,https://instituteforbiblereading.org/,,ready,2026-09-25,,
Read Scripture App,app,Bible Project's reading app — visual Bible engagement,https://www.readscripture.org/,,ready,2026-09-25,,
Nicky Gumbel / Alpha Course,ministry,"Alpha evangelism course — global reach, millions of participants",https://alpha.org/,,ready,2026-09-25,,
Saddleback Church Blog,blog,Rick Warren's church — Purpose Driven resources,https://saddleback.com/,,ready,2026-09-25,,
North Point Community Church,blog,Andy Stanley's church — strategic ministry content,https://northpoint.org/,,ready,2026-09-25,,
Watermark Community Church,blog,Dallas megachurch — discipleship and community resources,https://www.watermark.org/,,ready,2026-09-25,,
Christ Fellowship Church,blog,South Florida megachurch — multi-campus ministry content,https://christfellowship.church/,,ready,2026-09-25,,
Transformation Church / Michael Todd,blog,"Tulsa megachurch — Represent movement, young adult ministry",https://transformchurch.us/,,ready,2026-09-25,,
Bethel Church Redding,blog,Bethel Music home church — supernatural Christianity content,https://www.bethel.com/,,ready,2026-09-25,,
Gateway Church Blog,blog,"Robert Morris — Blessed Life teaching, Dallas megachurch",https://gatewaypeople.com/,,ready,2026-09-25,,
Church of the Highlands,blog,Largest church in Alabama — growth and discipleship content,https://www.churchofthehighlands.com/,,ready,2026-09-25,,
Bayside Church,blog,Northern California megachurch — community and missions,https://www.baysideonline.com/,,ready,2026-09-25,,
Prestonwood Baptist Church,blog,"Jack Graham — SBC megachurch, conservative evangelical voice",https://www.prestonwood.org/,,ready,2026-09-25,,
McLean Bible Church,blog,David Platt's church — gospel-centered teaching in DC area,https://mcleanbible.org/,,ready,2026-09-25,,
Reality LA,blog,Tim Chaddick — urban church planting and gospel culture,https://realityla.com/,,ready,2026-09-25,,
The Meeting House,blog,Canadian Anabaptist megachurch — peace-oriented faith,https://www.themeetinghouse.com/,,ready,2026-09-25,,
Mars Hill Bible Church (Rob Bell legacy),blog,Grand Rapids church — contemplative Christian tradition,https://marshill.org/,,ready,2026-09-25,,
Woodland Hills Church / Greg Boyd,blog,Open theism perspective — unique theological voice,https://whchurch.org/,,ready,2026-09-25,,
Church Fuel,blog,Resources and coaching for church leaders — growth strategies,https://churchfuel.com/,,ready,2026-09-25,,
Carey Nieuwhof Blog,blog,Church leadership — one of the most-read leadership blogs,https://careynieuwhof.com/,,ready,2026-09-25,,
Ron Edmondson Blog,blog,Pastor and church leadership — practical ministry insights,https://ronedmondson.com/,,ready,2026-09-25,,
Thom Rainer Blog,blog,Former Lifeway president — church health and growth,https://thomrainer.com/,,ready,2026-09-25,,
Ed Stetzer Blog,blog,"Wheaton College dean — research, mission, culture",https://edstetzer.com/,,ready,2026-09-25,,
Brian Houston Blog,blog,Hillsong founder — global church leadership perspective,https://brianchouston.com/,,ready,2026-09-25,,
Christine Caine Equip & Empower,blog,A21 and Propel Women — justice and women's empowerment,https://www.christinecaine.com/,,ready,2026-09-25,,
Gretchen Saffles / Well-Watered Women,blog,Women's Bible study community — devotional and Scripture-rich,https://www.wellwateredwomen.com/,,ready,2026-09-25,,
ValerieFiddmont.com,blog,Christian lifestyle blogger — faith and family,https://valeriefiddmont.com/,,ready,2026-09-25,,
COMPEL Training / Proverbs 31,blog,Christian writers' community — reaching people who create faith content,https://compeltraining.com/,,ready,2026-09-25,,
Bible Recap / Tara-Leigh Cobble,blog,He's Where the Joy Is author — Bible reading resources,https://www.thebiblerecap.com/resources,,ready,2026-09-25,,
Melissa Helser / 18 Inch Journey,influencer,Worship artist and speaker — contemplative faith content,https://www.instagram.com/melissahelser/,,ready,2026-09-25,,
Kari Jobe,influencer,Worship artist — massive Christian music following,https://www.instagram.com/karijobe/,,ready,2026-09-25,,
Lauren Daigle,influencer,Christian music crossover star — enormous audience,https://www.instagram.com/laurendaigle/,,ready,2026-09-25,,
for KING & COUNTRY,influencer,Christian pop duo — large crossover audience,https://www.instagram.com/faboringandcountry/,,ready,2026-09-25,,
TobyMac,influencer,"Christian music veteran — dc Talk legacy, family audience",https://www.instagram.com/tobymac/,,ready,2026-09-25,,
Crowder (David Crowder),influencer,"Worship artist — unique sound, devoted following",https://www.instagram.com/crowaborband/,,ready,2026-09-25,,
Phil Wickham,influencer,"Worship artist — Great Things, Battle Belongs",https://www.instagram.com/philwickham/,,ready,2026-09-25,,
Brandon Lake,influencer,Bethel worship artist — fast-growing Christian artist,https://www.instagram.com/brandonlake/,,ready,2026-09-25,,
Maverick City Music,influencer,"Worship collective — diverse, fast-growing Christian music",https://www.instagram.com/maverickcitymusic/,,ready,2026-09-25,,
Pat Barrett,influencer,"Worship artist — Build My Life, Good Good Father co-writer",https://www.instagram.com/patbarrettmusic/,,ready,2026-09-25,,
Matt Redman,influencer,10000 Reasons worship artist — global worship community,https://www.instagram.com/mattredmanmusic/,,ready,2026-09-25,,
Chris Tomlin,influencer,Most-sung worship artist alive — enormous evangelical reach,https://www.instagram.com/christomlin/,,ready,2026-09-25,,
Casting Crowns,influencer,Christian rock band — decades of ministry through music,https://www.instagram.com/castingcrowns/,,ready,2026-09-25,,
MercyMe,influencer,I Can Only Imagine band — devoted Christian audience,https://www.instagram.com/mercyme/,,ready,2026-09-25,,
Switchfoot,influencer,Christian rock crossover — faith-adjacent audience,https://www.instagram.com/switchfoot/,,ready,2026-09-25,,
needtobreathe,influencer,Christian rock band — broad faith and mainstream audience,https://www.instagram.com/needtobreathe/,,ready,2026-09-25,,
Zach Williams,influencer,"Christian artist — Chain Breaker, redemption story",https://www.instagram.com/zaaborwilliamsmusic/,,ready,2026-09-25,,
